dataelement,period,orgunit,catoptcombo,attroptcombo,value,storedby,lastupd,comment
ylix2LAjxhg,20210731,WKBa4jufxAL,FyizXcB289a,H4eiCaIeZQR,993,,,
ylix2LAjxhg,20210731,fIkkmz67QmR,FyizXcB289a,H4eiCaIeZQR,519,,,
ylix2LAjxhg,20210731,ewUgN5vdakS,FyizXcB289a,H4eiCaIeZQR,408,,,
ylix2LAjxhg,20210731,WYjrgg8pNJG,FyizXcB289a,H4eiCaIeZQR,263,,,
ylix2LAjxhg,20210731,oKRDJgPYyGs,FyizXcB289a,H4eiCaIeZQR,303,,,
ylix2LAjxhg,20210731,rb1hxc5BXUq,FyizXcB289a,H4eiCaIeZQR,613,,,
ylix2LAjxhg,20210731,U2e0Em0PoHU,FyizXcB289a,H4eiCaIeZQR,348,,,
ylix2LAjxhg,20210731,Ml4vtfj16Zw,FyizXcB289a,H4eiCaIeZQR,472,,,
ylix2LAjxhg,20210731,sR2V8vkNOPe,FyizXcB289a,H4eiCaIeZQR,307,,,
sQlcXXTHE4y,20210731,WKBa4jufxAL,FyizXcB289a,H4eiCaIeZQR,984,,,
sQlcXXTHE4y,20210731,fIkkmz67QmR,FyizXcB289a,H4eiCaIeZQR,512,,,
sQlcXXTHE4y,20210731,ewUgN5vdakS,FyizXcB289a,H4eiCaIeZQR,394,,,
sQlcXXTHE4y,20210731,WYjrgg8pNJG,FyizXcB289a,H4eiCaIeZQR,256,,,
sQlcXXTHE4y,20210731,oKRDJgPYyGs,FyizXcB289a,H4eiCaIeZQR,302,,,
sQlcXXTHE4y,20210731,rb1hxc5BXUq,FyizXcB289a,H4eiCaIeZQR,607,,,
sQlcXXTHE4y,20210731,U2e0Em0PoHU,FyizXcB289a,H4eiCaIeZQR,337,,,
sQlcXXTHE4y,20210731,Ml4vtfj16Zw,FyizXcB289a,H4eiCaIeZQR,466,,,
sQlcXXTHE4y,20210731,sR2V8vkNOPe,FyizXcB289a,H4eiCaIeZQR,296,,,
T5yXrDEuwzL,20210731,WKBa4jufxAL,FyizXcB289a,H4eiCaIeZQR,5605,,,
T5yXrDEuwzL,20210731,fIkkmz67QmR,FyizXcB289a,H4eiCaIeZQR,3833,,,
T5yXrDEuwzL,20210731,ewUgN5vdakS,FyizXcB289a,H4eiCaIeZQR,1086,,,
T5yXrDEuwzL,20210731,WYjrgg8pNJG,FyizXcB289a,H4eiCaIeZQR,852,,,
T5yXrDEuwzL,20210731,oKRDJgPYyGs,FyizXcB289a,H4eiCaIeZQR,922,,,
T5yXrDEuwzL,20210731,rb1hxc5BXUq,FyizXcB289a,H4eiCaIeZQR,1770,,,
T5yXrDEuwzL,20210731,U2e0Em0PoHU,FyizXcB289a,H4eiCaIeZQR,769,,,
T5yXrDEuwzL,20210731,Ml4vtfj16Zw,FyizXcB289a,H4eiCaIeZQR,748,,,
T5yXrDEuwzL,20210731,sR2V8vkNOPe,FyizXcB289a,H4eiCaIeZQR,561,,,
F7neHTcKur5,20210731,WKBa4jufxAL,FyizXcB289a,H4eiCaIeZQR,3831,,,
F7neHTcKur5,20210731,fIkkmz67QmR,FyizXcB289a,H4eiCaIeZQR,3099,,,
F7neHTcKur5,20210731,ewUgN5vdakS,FyizXcB289a,H4eiCaIeZQR,970,,,
F7neHTcKur5,20210731,WYjrgg8pNJG,FyizXcB289a,H4eiCaIeZQR,674,,,
F7neHTcKur5,20210731,oKRDJgPYyGs,FyizXcB289a,H4eiCaIeZQR,748,,,
F7neHTcKur5,20210731,rb1hxc5BXUq,FyizXcB289a,H4eiCaIeZQR,1718,,,
F7neHTcKur5,20210731,U2e0Em0PoHU,FyizXcB289a,H4eiCaIeZQR,699,,,
F7neHTcKur5,20210731,Ml4vtfj16Zw,FyizXcB289a,H4eiCaIeZQR,733,,,
F7neHTcKur5,20210731,sR2V8vkNOPe,FyizXcB289a,H4eiCaIeZQR,482,,,
pVrVmrRU0cz,20210731,WKBa4jufxAL,FyizXcB289a,H4eiCaIeZQR,12617,,,
pVrVmrRU0cz,20210731,fIkkmz67QmR,FyizXcB289a,H4eiCaIeZQR,3527,,,
pVrVmrRU0cz,20210731,ewUgN5vdakS,FyizXcB289a,H4eiCaIeZQR,1460,,,
pVrVmrRU0cz,20210731,WYjrgg8pNJG,FyizXcB289a,H4eiCaIeZQR,3279,,,
pVrVmrRU0cz,20210731,oKRDJgPYyGs,FyizXcB289a,H4eiCaIeZQR,2540,,,
pVrVmrRU0cz,20210731,rb1hxc5BXUq,FyizXcB289a,H4eiCaIeZQR,5605,,,
pVrVmrRU0cz,20210731,U2e0Em0PoHU,FyizXcB289a,H4eiCaIeZQR,2526,,,
pVrVmrRU0cz,20210731,Ml4vtfj16Zw,FyizXcB289a,H4eiCaIeZQR,3979,,,
pVrVmrRU0cz,20210731,sR2V8vkNOPe,FyizXcB289a,H4eiCaIeZQR,1110,,,
bdsQugL5p5B,20210731,WKBa4jufxAL,FyizXcB289a,H4eiCaIeZQR,8723,,,
bdsQugL5p5B,20210731,fIkkmz67QmR,FyizXcB289a,H4eiCaIeZQR,3510,,,
bdsQugL5p5B,20210731,ewUgN5vdakS,FyizXcB289a,H4eiCaIeZQR,1244,,,
bdsQugL5p5B,20210731,WYjrgg8pNJG,FyizXcB289a,H4eiCaIeZQR,1921,,,
bdsQugL5p5B,20210731,oKRDJgPYyGs,FyizXcB289a,H4eiCaIeZQR,1451,,,
bdsQugL5p5B,20210731,rb1hxc5BXUq,FyizXcB289a,H4eiCaIeZQR,3848,,,
bdsQugL5p5B,20210731,U2e0Em0PoHU,FyizXcB289a,H4eiCaIeZQR,1696,,,
bdsQugL5p5B,20210731,Ml4vtfj16Zw,FyizXcB289a,H4eiCaIeZQR,2316,,,
bdsQugL5p5B,20210731,sR2V8vkNOPe,FyizXcB289a,H4eiCaIeZQR,926,,,
ckea6dwOmvC,20210731,WKBa4jufxAL,EwkNM8BCPfB,H4eiCaIeZQR,94853,,,
ckea6dwOmvC,20210731,fIkkmz67QmR,EwkNM8BCPfB,H4eiCaIeZQR,71428,,,
ckea6dwOmvC,20210731,ewUgN5vdakS,EwkNM8BCPfB,H4eiCaIeZQR,38096,,,
ckea6dwOmvC,20210731,WYjrgg8pNJG,EwkNM8BCPfB,H4eiCaIeZQR,23249,,,
ckea6dwOmvC,20210731,oKRDJgPYyGs,EwkNM8BCPfB,H4eiCaIeZQR,21124,,,
ckea6dwOmvC,20210731,rb1hxc5BXUq,EwkNM8BCPfB,H4eiCaIeZQR,48188,,,
ckea6dwOmvC,20210731,U2e0Em0PoHU,EwkNM8BCPfB,H4eiCaIeZQR,21700,,,
ckea6dwOmvC,20210731,Ml4vtfj16Zw,EwkNM8BCPfB,H4eiCaIeZQR,21018,,,
ckea6dwOmvC,20210731,sR2V8vkNOPe,EwkNM8BCPfB,H4eiCaIeZQR,19257,,,
WahwaU72IoA,20210731,WKBa4jufxAL,EwkNM8BCPfB,H4eiCaIeZQR,6,,,
WahwaU72IoA,20210731,fIkkmz67QmR,EwkNM8BCPfB,H4eiCaIeZQR,16,,,
WahwaU72IoA,20210731,ewUgN5vdakS,EwkNM8BCPfB,H4eiCaIeZQR,3,,,
WahwaU72IoA,20210731,WYjrgg8pNJG,EwkNM8BCPfB,H4eiCaIeZQR,7,,,
WahwaU72IoA,20210731,oKRDJgPYyGs,EwkNM8BCPfB,H4eiCaIeZQR,,,,
WahwaU72IoA,20210731,rb1hxc5BXUq,EwkNM8BCPfB,H4eiCaIeZQR,87,,,
WahwaU72IoA,20210731,U2e0Em0PoHU,EwkNM8BCPfB,H4eiCaIeZQR,8,,,
WahwaU72IoA,20210731,Ml4vtfj16Zw,EwkNM8BCPfB,H4eiCaIeZQR,,,,
WahwaU72IoA,20210731,sR2V8vkNOPe,EwkNM8BCPfB,H4eiCaIeZQR,,,,
ckea6dwOmvC,20210731,WKBa4jufxAL,KKiWIWC1uqV,H4eiCaIeZQR,40337,,,
ckea6dwOmvC,20210731,fIkkmz67QmR,KKiWIWC1uqV,H4eiCaIeZQR,36549,,,
ckea6dwOmvC,20210731,ewUgN5vdakS,KKiWIWC1uqV,H4eiCaIeZQR,12222,,,
ckea6dwOmvC,20210731,WYjrgg8pNJG,KKiWIWC1uqV,H4eiCaIeZQR,9651,,,
ckea6dwOmvC,20210731,oKRDJgPYyGs,KKiWIWC1uqV,H4eiCaIeZQR,7822,,,
ckea6dwOmvC,20210731,rb1hxc5BXUq,KKiWIWC1uqV,H4eiCaIeZQR,24296,,,
ckea6dwOmvC,20210731,U2e0Em0PoHU,KKiWIWC1uqV,H4eiCaIeZQR,8857,,,
ckea6dwOmvC,20210731,Ml4vtfj16Zw,KKiWIWC1uqV,H4eiCaIeZQR,8535,,,
ckea6dwOmvC,20210731,sR2V8vkNOPe,KKiWIWC1uqV,H4eiCaIeZQR,6845,,,
WahwaU72IoA,20210731,WKBa4jufxAL,KKiWIWC1uqV,H4eiCaIeZQR,26024,,,
WahwaU72IoA,20210731,fIkkmz67QmR,KKiWIWC1uqV,H4eiCaIeZQR,24754,,,
WahwaU72IoA,20210731,ewUgN5vdakS,KKiWIWC1uqV,H4eiCaIeZQR,10813,,,
WahwaU72IoA,20210731,WYjrgg8pNJG,KKiWIWC1uqV,H4eiCaIeZQR,5858,,,
WahwaU72IoA,20210731,oKRDJgPYyGs,KKiWIWC1uqV,H4eiCaIeZQR,4017,,,
WahwaU72IoA,20210731,rb1hxc5BXUq,KKiWIWC1uqV,H4eiCaIeZQR,18266,,,
WahwaU72IoA,20210731,U2e0Em0PoHU,KKiWIWC1uqV,H4eiCaIeZQR,5305,,,
WahwaU72IoA,20210731,Ml4vtfj16Zw,KKiWIWC1uqV,H4eiCaIeZQR,6136,,,
WahwaU72IoA,20210731,sR2V8vkNOPe,KKiWIWC1uqV,H4eiCaIeZQR,3302,,,
ckea6dwOmvC,20210731,WKBa4jufxAL,JXVcE6fAS1Y,H4eiCaIeZQR,17011,,,
ckea6dwOmvC,20210731,fIkkmz67QmR,JXVcE6fAS1Y,H4eiCaIeZQR,4669,,,
ckea6dwOmvC,20210731,ewUgN5vdakS,JXVcE6fAS1Y,H4eiCaIeZQR,12822,,,
ckea6dwOmvC,20210731,WYjrgg8pNJG,JXVcE6fAS1Y,H4eiCaIeZQR,5661,,,
ckea6dwOmvC,20210731,oKRDJgPYyGs,JXVcE6fAS1Y,H4eiCaIeZQR,4188,,,
ckea6dwOmvC,20210731,rb1hxc5BXUq,JXVcE6fAS1Y,H4eiCaIeZQR,4235,,,
ckea6dwOmvC,20210731,U2e0Em0PoHU,JXVcE6fAS1Y,H4eiCaIeZQR,4913,,,
ckea6dwOmvC,20210731,Ml4vtfj16Zw,JXVcE6fAS1Y,H4eiCaIeZQR,5370,,,
ckea6dwOmvC,20210731,sR2V8vkNOPe,JXVcE6fAS1Y,H4eiCaIeZQR,2970,,,
WahwaU72IoA,20210731,WKBa4jufxAL,JXVcE6fAS1Y,H4eiCaIeZQR,15800,,,
WahwaU72IoA,20210731,fIkkmz67QmR,JXVcE6fAS1Y,H4eiCaIeZQR,7391,,,
WahwaU72IoA,20210731,ewUgN5vdakS,JXVcE6fAS1Y,H4eiCaIeZQR,8780,,,
WahwaU72IoA,20210731,WYjrgg8pNJG,JXVcE6fAS1Y,H4eiCaIeZQR,4463,,,
WahwaU72IoA,20210731,oKRDJgPYyGs,JXVcE6fAS1Y,H4eiCaIeZQR,2722,,,
WahwaU72IoA,20210731,rb1hxc5BXUq,JXVcE6fAS1Y,H4eiCaIeZQR,4162,,,
WahwaU72IoA,20210731,U2e0Em0PoHU,JXVcE6fAS1Y,H4eiCaIeZQR,3796,,,
WahwaU72IoA,20210731,Ml4vtfj16Zw,JXVcE6fAS1Y,H4eiCaIeZQR,4610,,,
WahwaU72IoA,20210731,sR2V8vkNOPe,JXVcE6fAS1Y,H4eiCaIeZQR,2277,,,
As3mznUogRZ,20210731,WKBa4jufxAL,FyizXcB289a,H4eiCaIeZQR,20378,,,
As3mznUogRZ,20210731,fIkkmz67QmR,FyizXcB289a,H4eiCaIeZQR,13961,,,
As3mznUogRZ,20210731,ewUgN5vdakS,FyizXcB289a,H4eiCaIeZQR,8297,,,
As3mznUogRZ,20210731,WYjrgg8pNJG,FyizXcB289a,H4eiCaIeZQR,4959,,,
As3mznUogRZ,20210731,oKRDJgPYyGs,FyizXcB289a,H4eiCaIeZQR,4064,,,
As3mznUogRZ,20210731,rb1hxc5BXUq,FyizXcB289a,H4eiCaIeZQR,10736,,,
As3mznUogRZ,20210731,U2e0Em0PoHU,FyizXcB289a,H4eiCaIeZQR,4650,,,
As3mznUogRZ,20210731,Ml4vtfj16Zw,FyizXcB289a,H4eiCaIeZQR,5080,,,
As3mznUogRZ,20210731,sR2V8vkNOPe,FyizXcB289a,H4eiCaIeZQR,3481,,,
qOYSeBL4AXZ,20210731,WKBa4jufxAL,FyizXcB289a,H4eiCaIeZQR,952,,,
qOYSeBL4AXZ,20210731,fIkkmz67QmR,FyizXcB289a,H4eiCaIeZQR,891,,,
qOYSeBL4AXZ,20210731,ewUgN5vdakS,FyizXcB289a,H4eiCaIeZQR,304,,,
qOYSeBL4AXZ,20210731,WYjrgg8pNJG,FyizXcB289a,H4eiCaIeZQR,275,,,
qOYSeBL4AXZ,20210731,oKRDJgPYyGs,FyizXcB289a,H4eiCaIeZQR,268,,,
qOYSeBL4AXZ,20210731,rb1hxc5BXUq,FyizXcB289a,H4eiCaIeZQR,385,,,
qOYSeBL4AXZ,20210731,U2e0Em0PoHU,FyizXcB289a,H4eiCaIeZQR,200,,,
qOYSeBL4AXZ,20210731,Ml4vtfj16Zw,FyizXcB289a,H4eiCaIeZQR,149,,,
qOYSeBL4AXZ,20210731,sR2V8vkNOPe,FyizXcB289a,H4eiCaIeZQR,142,,,
ylix2LAjxhg,20210731,WKBa4jufxAL,iESY4hP4ZJe,H4eiCaIeZQR,89,,,
ylix2LAjxhg,20210731,fIkkmz67QmR,iESY4hP4ZJe,H4eiCaIeZQR,87,,,
ylix2LAjxhg,20210731,ewUgN5vdakS,iESY4hP4ZJe,H4eiCaIeZQR,,,,
ylix2LAjxhg,20210731,WYjrgg8pNJG,iESY4hP4ZJe,H4eiCaIeZQR,,,,
ylix2LAjxhg,20210731,oKRDJgPYyGs,iESY4hP4ZJe,H4eiCaIeZQR,,,,
ylix2LAjxhg,20210731,rb1hxc5BXUq,iESY4hP4ZJe,H4eiCaIeZQR,,,,
ylix2LAjxhg,20210731,U2e0Em0PoHU,iESY4hP4ZJe,H4eiCaIeZQR,,,,
ylix2LAjxhg,20210731,Ml4vtfj16Zw,iESY4hP4ZJe,H4eiCaIeZQR,8,,,
ylix2LAjxhg,20210731,sR2V8vkNOPe,iESY4hP4ZJe,H4eiCaIeZQR,,,,
sQlcXXTHE4y,20210731,WKBa4jufxAL,iESY4hP4ZJe,H4eiCaIeZQR,89,,,
sQlcXXTHE4y,20210731,fIkkmz67QmR,iESY4hP4ZJe,H4eiCaIeZQR,87,,,
sQlcXXTHE4y,20210731,ewUgN5vdakS,iESY4hP4ZJe,H4eiCaIeZQR,,,,
sQlcXXTHE4y,20210731,WYjrgg8pNJG,iESY4hP4ZJe,H4eiCaIeZQR,,,,
sQlcXXTHE4y,20210731,oKRDJgPYyGs,iESY4hP4ZJe,H4eiCaIeZQR,,,,
sQlcXXTHE4y,20210731,rb1hxc5BXUq,iESY4hP4ZJe,H4eiCaIeZQR,,,,
sQlcXXTHE4y,20210731,U2e0Em0PoHU,iESY4hP4ZJe,H4eiCaIeZQR,,,,
sQlcXXTHE4y,20210731,Ml4vtfj16Zw,iESY4hP4ZJe,H4eiCaIeZQR,8,,,
sQlcXXTHE4y,20210731,sR2V8vkNOPe,iESY4hP4ZJe,H4eiCaIeZQR,,,,
T5yXrDEuwzL,20210731,WKBa4jufxAL,iESY4hP4ZJe,H4eiCaIeZQR,,,,
T5yXrDEuwzL,20210731,fIkkmz67QmR,iESY4hP4ZJe,H4eiCaIeZQR,,,,
T5yXrDEuwzL,20210731,ewUgN5vdakS,iESY4hP4ZJe,H4eiCaIeZQR,,,,
T5yXrDEuwzL,20210731,WYjrgg8pNJG,iESY4hP4ZJe,H4eiCaIeZQR,,,,
T5yXrDEuwzL,20210731,oKRDJgPYyGs,iESY4hP4ZJe,H4eiCaIeZQR,,,,
T5yXrDEuwzL,20210731,rb1hxc5BXUq,iESY4hP4ZJe,H4eiCaIeZQR,,,,
T5yXrDEuwzL,20210731,U2e0Em0PoHU,iESY4hP4ZJe,H4eiCaIeZQR,,,,
T5yXrDEuwzL,20210731,Ml4vtfj16Zw,iESY4hP4ZJe,H4eiCaIeZQR,,,,
T5yXrDEuwzL,20210731,sR2V8vkNOPe,iESY4hP4ZJe,H4eiCaIeZQR,,,,
F7neHTcKur5,20210731,WKBa4jufxAL,iESY4hP4ZJe,H4eiCaIeZQR,13,,,
F7neHTcKur5,20210731,fIkkmz67QmR,iESY4hP4ZJe,H4eiCaIeZQR,7,,,
F7neHTcKur5,20210731,ewUgN5vdakS,iESY4hP4ZJe,H4eiCaIeZQR,,,,
F7neHTcKur5,20210731,WYjrgg8pNJG,iESY4hP4ZJe,H4eiCaIeZQR,,,,
F7neHTcKur5,20210731,oKRDJgPYyGs,iESY4hP4ZJe,H4eiCaIeZQR,,,,
F7neHTcKur5,20210731,rb1hxc5BXUq,iESY4hP4ZJe,H4eiCaIeZQR,,,,
F7neHTcKur5,20210731,U2e0Em0PoHU,iESY4hP4ZJe,H4eiCaIeZQR,,,,
F7neHTcKur5,20210731,Ml4vtfj16Zw,iESY4hP4ZJe,H4eiCaIeZQR,,,,
F7neHTcKur5,20210731,sR2V8vkNOPe,iESY4hP4ZJe,H4eiCaIeZQR,,,,
pVrVmrRU0cz,20210731,WKBa4jufxAL,iESY4hP4ZJe,H4eiCaIeZQR,,,,
pVrVmrRU0cz,20210731,fIkkmz67QmR,iESY4hP4ZJe,H4eiCaIeZQR,,,,
pVrVmrRU0cz,20210731,ewUgN5vdakS,iESY4hP4ZJe,H4eiCaIeZQR,,,,
pVrVmrRU0cz,20210731,WYjrgg8pNJG,iESY4hP4ZJe,H4eiCaIeZQR,,,,
pVrVmrRU0cz,20210731,oKRDJgPYyGs,iESY4hP4ZJe,H4eiCaIeZQR,,,,
pVrVmrRU0cz,20210731,rb1hxc5BXUq,iESY4hP4ZJe,H4eiCaIeZQR,,,,
pVrVmrRU0cz,20210731,U2e0Em0PoHU,iESY4hP4ZJe,H4eiCaIeZQR,,,,
pVrVmrRU0cz,20210731,Ml4vtfj16Zw,iESY4hP4ZJe,H4eiCaIeZQR,,,,
pVrVmrRU0cz,20210731,sR2V8vkNOPe,iESY4hP4ZJe,H4eiCaIeZQR,,,,
bdsQugL5p5B,20210731,WKBa4jufxAL,iESY4hP4ZJe,H4eiCaIeZQR,21,,,
bdsQugL5p5B,20210731,fIkkmz67QmR,iESY4hP4ZJe,H4eiCaIeZQR,11,,,
bdsQugL5p5B,20210731,ewUgN5vdakS,iESY4hP4ZJe,H4eiCaIeZQR,,,,
bdsQugL5p5B,20210731,WYjrgg8pNJG,iESY4hP4ZJe,H4eiCaIeZQR,,,,
bdsQugL5p5B,20210731,oKRDJgPYyGs,iESY4hP4ZJe,H4eiCaIeZQR,,,,
bdsQugL5p5B,20210731,rb1hxc5BXUq,iESY4hP4ZJe,H4eiCaIeZQR,,,,
bdsQugL5p5B,20210731,U2e0Em0PoHU,iESY4hP4ZJe,H4eiCaIeZQR,,,,
bdsQugL5p5B,20210731,Ml4vtfj16Zw,iESY4hP4ZJe,H4eiCaIeZQR,1,,,
bdsQugL5p5B,20210731,sR2V8vkNOPe,iESY4hP4ZJe,H4eiCaIeZQR,,,,
ckea6dwOmvC,20210731,WKBa4jufxAL,RIxgowntPPH,H4eiCaIeZQR,918,,,
ckea6dwOmvC,20210731,fIkkmz67QmR,RIxgowntPPH,H4eiCaIeZQR,669,,,
ckea6dwOmvC,20210731,ewUgN5vdakS,RIxgowntPPH,H4eiCaIeZQR,,,,
ckea6dwOmvC,20210731,WYjrgg8pNJG,RIxgowntPPH,H4eiCaIeZQR,,,,
ckea6dwOmvC,20210731,oKRDJgPYyGs,RIxgowntPPH,H4eiCaIeZQR,,,,
ckea6dwOmvC,20210731,rb1hxc5BXUq,RIxgowntPPH,H4eiCaIeZQR,,,,
ckea6dwOmvC,20210731,U2e0Em0PoHU,RIxgowntPPH,H4eiCaIeZQR,,,,
ckea6dwOmvC,20210731,Ml4vtfj16Zw,RIxgowntPPH,H4eiCaIeZQR,18,,,
ckea6dwOmvC,20210731,sR2V8vkNOPe,RIxgowntPPH,H4eiCaIeZQR,,,,
WahwaU72IoA,20210731,WKBa4jufxAL,RIxgowntPPH,H4eiCaIeZQR,,,,
WahwaU72IoA,20210731,fIkkmz67QmR,RIxgowntPPH,H4eiCaIeZQR,2,,,
WahwaU72IoA,20210731,ewUgN5vdakS,RIxgowntPPH,H4eiCaIeZQR,,,,
WahwaU72IoA,20210731,WYjrgg8pNJG,RIxgowntPPH,H4eiCaIeZQR,,,,
WahwaU72IoA,20210731,oKRDJgPYyGs,RIxgowntPPH,H4eiCaIeZQR,,,,
WahwaU72IoA,20210731,rb1hxc5BXUq,RIxgowntPPH,H4eiCaIeZQR,,,,
WahwaU72IoA,20210731,U2e0Em0PoHU,RIxgowntPPH,H4eiCaIeZQR,,,,
WahwaU72IoA,20210731,Ml4vtfj16Zw,RIxgowntPPH,H4eiCaIeZQR,,,,
WahwaU72IoA,20210731,sR2V8vkNOPe,RIxgowntPPH,H4eiCaIeZQR,,,,
ckea6dwOmvC,20210731,WKBa4jufxAL,Xa6TyAHc0bf,H4eiCaIeZQR,150,,,
ckea6dwOmvC,20210731,fIkkmz67QmR,Xa6TyAHc0bf,H4eiCaIeZQR,151,,,
ckea6dwOmvC,20210731,ewUgN5vdakS,Xa6TyAHc0bf,H4eiCaIeZQR,,,,
ckea6dwOmvC,20210731,WYjrgg8pNJG,Xa6TyAHc0bf,H4eiCaIeZQR,,,,
ckea6dwOmvC,20210731,oKRDJgPYyGs,Xa6TyAHc0bf,H4eiCaIeZQR,,,,
ckea6dwOmvC,20210731,rb1hxc5BXUq,Xa6TyAHc0bf,H4eiCaIeZQR,,,,
ckea6dwOmvC,20210731,U2e0Em0PoHU,Xa6TyAHc0bf,H4eiCaIeZQR,,,,
ckea6dwOmvC,20210731,Ml4vtfj16Zw,Xa6TyAHc0bf,H4eiCaIeZQR,8,,,
ckea6dwOmvC,20210731,sR2V8vkNOPe,Xa6TyAHc0bf,H4eiCaIeZQR,,,,
WahwaU72IoA,20210731,WKBa4jufxAL,Xa6TyAHc0bf,H4eiCaIeZQR,716,,,
WahwaU72IoA,20210731,fIkkmz67QmR,Xa6TyAHc0bf,H4eiCaIeZQR,239,,,
WahwaU72IoA,20210731,ewUgN5vdakS,Xa6TyAHc0bf,H4eiCaIeZQR,,,,
WahwaU72IoA,20210731,WYjrgg8pNJG,Xa6TyAHc0bf,H4eiCaIeZQR,,,,
WahwaU72IoA,20210731,oKRDJgPYyGs,Xa6TyAHc0bf,H4eiCaIeZQR,,,,
WahwaU72IoA,20210731,rb1hxc5BXUq,Xa6TyAHc0bf,H4eiCaIeZQR,,,,
WahwaU72IoA,20210731,U2e0Em0PoHU,Xa6TyAHc0bf,H4eiCaIeZQR,,,,
WahwaU72IoA,20210731,Ml4vtfj16Zw,Xa6TyAHc0bf,H4eiCaIeZQR,3,,,
WahwaU72IoA,20210731,sR2V8vkNOPe,Xa6TyAHc0bf,H4eiCaIeZQR,,,,
ckea6dwOmvC,20210731,WKBa4jufxAL,XVygdxRR658,H4eiCaIeZQR,8,,,
ckea6dwOmvC,20210731,fIkkmz67QmR,XVygdxRR658,H4eiCaIeZQR,22,,,
ckea6dwOmvC,20210731,ewUgN5vdakS,XVygdxRR658,H4eiCaIeZQR,,,,
ckea6dwOmvC,20210731,WYjrgg8pNJG,XVygdxRR658,H4eiCaIeZQR,,,,
ckea6dwOmvC,20210731,oKRDJgPYyGs,XVygdxRR658,H4eiCaIeZQR,,,,
ckea6dwOmvC,20210731,rb1hxc5BXUq,XVygdxRR658,H4eiCaIeZQR,,,,
ckea6dwOmvC,20210731,U2e0Em0PoHU,XVygdxRR658,H4eiCaIeZQR,,,,
ckea6dwOmvC,20210731,Ml4vtfj16Zw,XVygdxRR658,H4eiCaIeZQR,,,,
ckea6dwOmvC,20210731,sR2V8vkNOPe,XVygdxRR658,H4eiCaIeZQR,,,,
WahwaU72IoA,20210731,WKBa4jufxAL,XVygdxRR658,H4eiCaIeZQR,12,,,
WahwaU72IoA,20210731,fIkkmz67QmR,XVygdxRR658,H4eiCaIeZQR,51,,,
WahwaU72IoA,20210731,ewUgN5vdakS,XVygdxRR658,H4eiCaIeZQR,,,,
WahwaU72IoA,20210731,WYjrgg8pNJG,XVygdxRR658,H4eiCaIeZQR,,,,
WahwaU72IoA,20210731,oKRDJgPYyGs,XVygdxRR658,H4eiCaIeZQR,,,,
WahwaU72IoA,20210731,rb1hxc5BXUq,XVygdxRR658,H4eiCaIeZQR,,,,
WahwaU72IoA,20210731,U2e0Em0PoHU,XVygdxRR658,H4eiCaIeZQR,,,,
WahwaU72IoA,20210731,Ml4vtfj16Zw,XVygdxRR658,H4eiCaIeZQR,,,,
WahwaU72IoA,20210731,sR2V8vkNOPe,XVygdxRR658,H4eiCaIeZQR,,,,
As3mznUogRZ,20210731,WKBa4jufxAL,iESY4hP4ZJe,H4eiCaIeZQR,,,,
As3mznUogRZ,20210731,fIkkmz67QmR,iESY4hP4ZJe,H4eiCaIeZQR,,,,
As3mznUogRZ,20210731,ewUgN5vdakS,iESY4hP4ZJe,H4eiCaIeZQR,,,,
As3mznUogRZ,20210731,WYjrgg8pNJG,iESY4hP4ZJe,H4eiCaIeZQR,,,,
As3mznUogRZ,20210731,oKRDJgPYyGs,iESY4hP4ZJe,H4eiCaIeZQR,,,,
As3mznUogRZ,20210731,rb1hxc5BXUq,iESY4hP4ZJe,H4eiCaIeZQR,,,,
As3mznUogRZ,20210731,U2e0Em0PoHU,iESY4hP4ZJe,H4eiCaIeZQR,,,,
As3mznUogRZ,20210731,Ml4vtfj16Zw,iESY4hP4ZJe,H4eiCaIeZQR,,,,
As3mznUogRZ,20210731,sR2V8vkNOPe,iESY4hP4ZJe,H4eiCaIeZQR,,,,
qOYSeBL4AXZ,20210731,WKBa4jufxAL,iESY4hP4ZJe,H4eiCaIeZQR,203,,,
qOYSeBL4AXZ,20210731,fIkkmz67QmR,iESY4hP4ZJe,H4eiCaIeZQR,123,,,
qOYSeBL4AXZ,20210731,ewUgN5vdakS,iESY4hP4ZJe,H4eiCaIeZQR,,,,
qOYSeBL4AXZ,20210731,WYjrgg8pNJG,iESY4hP4ZJe,H4eiCaIeZQR,,,,
qOYSeBL4AXZ,20210731,oKRDJgPYyGs,iESY4hP4ZJe,H4eiCaIeZQR,,,,
qOYSeBL4AXZ,20210731,rb1hxc5BXUq,iESY4hP4ZJe,H4eiCaIeZQR,,,,
qOYSeBL4AXZ,20210731,U2e0Em0PoHU,iESY4hP4ZJe,H4eiCaIeZQR,,,,
qOYSeBL4AXZ,20210731,Ml4vtfj16Zw,iESY4hP4ZJe,H4eiCaIeZQR,5,,,
qOYSeBL4AXZ,20210731,sR2V8vkNOPe,iESY4hP4ZJe,H4eiCaIeZQR,,,,
Gpnjeds5dkE,20210731,WKBa4jufxAL,yhrViCrtCCb,H4eiCaIeZQR,,,,
Gpnjeds5dkE,20210731,fIkkmz67QmR,yhrViCrtCCb,H4eiCaIeZQR,,,,
Gpnjeds5dkE,20210731,ewUgN5vdakS,yhrViCrtCCb,H4eiCaIeZQR,,,,
Gpnjeds5dkE,20210731,WYjrgg8pNJG,yhrViCrtCCb,H4eiCaIeZQR,,,,
Gpnjeds5dkE,20210731,oKRDJgPYyGs,yhrViCrtCCb,H4eiCaIeZQR,,,,
Gpnjeds5dkE,20210731,rb1hxc5BXUq,yhrViCrtCCb,H4eiCaIeZQR,,,,
Gpnjeds5dkE,20210731,U2e0Em0PoHU,yhrViCrtCCb,H4eiCaIeZQR,,,,
Gpnjeds5dkE,20210731,Ml4vtfj16Zw,yhrViCrtCCb,H4eiCaIeZQR,,,,
Gpnjeds5dkE,20210731,sR2V8vkNOPe,yhrViCrtCCb,H4eiCaIeZQR,,,,
Gpnjeds5dkE,20210731,WKBa4jufxAL,V3UgoqNmJ5R,H4eiCaIeZQR,,,,
Gpnjeds5dkE,20210731,fIkkmz67QmR,V3UgoqNmJ5R,H4eiCaIeZQR,,,,
Gpnjeds5dkE,20210731,ewUgN5vdakS,V3UgoqNmJ5R,H4eiCaIeZQR,,,,
Gpnjeds5dkE,20210731,WYjrgg8pNJG,V3UgoqNmJ5R,H4eiCaIeZQR,,,,
Gpnjeds5dkE,20210731,oKRDJgPYyGs,V3UgoqNmJ5R,H4eiCaIeZQR,,,,
Gpnjeds5dkE,20210731,rb1hxc5BXUq,V3UgoqNmJ5R,H4eiCaIeZQR,,,,
Gpnjeds5dkE,20210731,U2e0Em0PoHU,V3UgoqNmJ5R,H4eiCaIeZQR,,,,
Gpnjeds5dkE,20210731,Ml4vtfj16Zw,V3UgoqNmJ5R,H4eiCaIeZQR,,,,
Gpnjeds5dkE,20210731,sR2V8vkNOPe,V3UgoqNmJ5R,H4eiCaIeZQR,,,,
Gpnjeds5dkE,20210731,WKBa4jufxAL,n8c88vrgG5o,H4eiCaIeZQR,,,,
Gpnjeds5dkE,20210731,fIkkmz67QmR,n8c88vrgG5o,H4eiCaIeZQR,,,,
Gpnjeds5dkE,20210731,ewUgN5vdakS,n8c88vrgG5o,H4eiCaIeZQR,,,,
Gpnjeds5dkE,20210731,WYjrgg8pNJG,n8c88vrgG5o,H4eiCaIeZQR,,,,
Gpnjeds5dkE,20210731,oKRDJgPYyGs,n8c88vrgG5o,H4eiCaIeZQR,,,,
Gpnjeds5dkE,20210731,rb1hxc5BXUq,n8c88vrgG5o,H4eiCaIeZQR,,,,
Gpnjeds5dkE,20210731,U2e0Em0PoHU,n8c88vrgG5o,H4eiCaIeZQR,,,,
Gpnjeds5dkE,20210731,Ml4vtfj16Zw,n8c88vrgG5o,H4eiCaIeZQR,,,,
Gpnjeds5dkE,20210731,sR2V8vkNOPe,n8c88vrgG5o,H4eiCaIeZQR,,,,
Gpnjeds5dkE,20210731,WKBa4jufxAL,oIlghOILLUN,H4eiCaIeZQR,26,,,
Gpnjeds5dkE,20210731,fIkkmz67QmR,oIlghOILLUN,H4eiCaIeZQR,85,,,
Gpnjeds5dkE,20210731,ewUgN5vdakS,oIlghOILLUN,H4eiCaIeZQR,12,,,
Gpnjeds5dkE,20210731,WYjrgg8pNJG,oIlghOILLUN,H4eiCaIeZQR,3,,,
Gpnjeds5dkE,20210731,oKRDJgPYyGs,oIlghOILLUN,H4eiCaIeZQR,3,,,
Gpnjeds5dkE,20210731,rb1hxc5BXUq,oIlghOILLUN,H4eiCaIeZQR,9,,,
Gpnjeds5dkE,20210731,U2e0Em0PoHU,oIlghOILLUN,H4eiCaIeZQR,19,,,
Gpnjeds5dkE,20210731,Ml4vtfj16Zw,oIlghOILLUN,H4eiCaIeZQR,5,,,
Gpnjeds5dkE,20210731,sR2V8vkNOPe,oIlghOILLUN,H4eiCaIeZQR,,,,
Gpnjeds5dkE,20210731,WKBa4jufxAL,FpeQVo19ojW,H4eiCaIeZQR,,,,
Gpnjeds5dkE,20210731,fIkkmz67QmR,FpeQVo19ojW,H4eiCaIeZQR,,,,
Gpnjeds5dkE,20210731,ewUgN5vdakS,FpeQVo19ojW,H4eiCaIeZQR,,,,
Gpnjeds5dkE,20210731,WYjrgg8pNJG,FpeQVo19ojW,H4eiCaIeZQR,,,,
Gpnjeds5dkE,20210731,oKRDJgPYyGs,FpeQVo19ojW,H4eiCaIeZQR,,,,
Gpnjeds5dkE,20210731,rb1hxc5BXUq,FpeQVo19ojW,H4eiCaIeZQR,,,,
Gpnjeds5dkE,20210731,U2e0Em0PoHU,FpeQVo19ojW,H4eiCaIeZQR,,,,
Gpnjeds5dkE,20210731,Ml4vtfj16Zw,FpeQVo19ojW,H4eiCaIeZQR,,,,
Gpnjeds5dkE,20210731,sR2V8vkNOPe,FpeQVo19ojW,H4eiCaIeZQR,,,,
Gpnjeds5dkE,20210731,WKBa4jufxAL,Z5YFZe4fuMW,H4eiCaIeZQR,,,,
Gpnjeds5dkE,20210731,fIkkmz67QmR,Z5YFZe4fuMW,H4eiCaIeZQR,,,,
Gpnjeds5dkE,20210731,ewUgN5vdakS,Z5YFZe4fuMW,H4eiCaIeZQR,,,,
Gpnjeds5dkE,20210731,WYjrgg8pNJG,Z5YFZe4fuMW,H4eiCaIeZQR,,,,
Gpnjeds5dkE,20210731,oKRDJgPYyGs,Z5YFZe4fuMW,H4eiCaIeZQR,,,,
Gpnjeds5dkE,20210731,rb1hxc5BXUq,Z5YFZe4fuMW,H4eiCaIeZQR,,,,
Gpnjeds5dkE,20210731,U2e0Em0PoHU,Z5YFZe4fuMW,H4eiCaIeZQR,,,,
Gpnjeds5dkE,20210731,Ml4vtfj16Zw,Z5YFZe4fuMW,H4eiCaIeZQR,,,,
Gpnjeds5dkE,20210731,sR2V8vkNOPe,Z5YFZe4fuMW,H4eiCaIeZQR,,,,
Gpnjeds5dkE,20210731,WKBa4jufxAL,TiLcQHH8dYc,H4eiCaIeZQR,,,,
Gpnjeds5dkE,20210731,fIkkmz67QmR,TiLcQHH8dYc,H4eiCaIeZQR,,,,
Gpnjeds5dkE,20210731,ewUgN5vdakS,TiLcQHH8dYc,H4eiCaIeZQR,,,,
Gpnjeds5dkE,20210731,WYjrgg8pNJG,TiLcQHH8dYc,H4eiCaIeZQR,,,,
Gpnjeds5dkE,20210731,oKRDJgPYyGs,TiLcQHH8dYc,H4eiCaIeZQR,,,,
Gpnjeds5dkE,20210731,rb1hxc5BXUq,TiLcQHH8dYc,H4eiCaIeZQR,,,,
Gpnjeds5dkE,20210731,U2e0Em0PoHU,TiLcQHH8dYc,H4eiCaIeZQR,,,,
Gpnjeds5dkE,20210731,Ml4vtfj16Zw,TiLcQHH8dYc,H4eiCaIeZQR,,,,
Gpnjeds5dkE,20210731,sR2V8vkNOPe,TiLcQHH8dYc,H4eiCaIeZQR,,,,
Gpnjeds5dkE,20210731,WKBa4jufxAL,TVHtGsKVEo9,H4eiCaIeZQR,,,,
Gpnjeds5dkE,20210731,fIkkmz67QmR,TVHtGsKVEo9,H4eiCaIeZQR,2,,,
Gpnjeds5dkE,20210731,ewUgN5vdakS,TVHtGsKVEo9,H4eiCaIeZQR,,,,
Gpnjeds5dkE,20210731,WYjrgg8pNJG,TVHtGsKVEo9,H4eiCaIeZQR,,,,
Gpnjeds5dkE,20210731,oKRDJgPYyGs,TVHtGsKVEo9,H4eiCaIeZQR,,,,
Gpnjeds5dkE,20210731,rb1hxc5BXUq,TVHtGsKVEo9,H4eiCaIeZQR,,,,
Gpnjeds5dkE,20210731,U2e0Em0PoHU,TVHtGsKVEo9,H4eiCaIeZQR,,,,
Gpnjeds5dkE,20210731,Ml4vtfj16Zw,TVHtGsKVEo9,H4eiCaIeZQR,,,,
Gpnjeds5dkE,20210731,sR2V8vkNOPe,TVHtGsKVEo9,H4eiCaIeZQR,,,,
